$,class,id,{,public,static,void,main,(,String,[,],),},extends,;,=,"comma",return,int,boolean,if,do,while,for,switch,System.out.println,else,case,:,default,&&,<,+,-,*,!,.,length,number,true,false,this,new,S',Program,MainClass,ClassDeclList,ClassDecl,ClassDeclSpec,ClassDeclDeff,VarDeclList,VarDecl,VarDeclID,VarDeclAssign,MultiDeclList,MultiDecl,MethodDecl,MethodDeclList,FormalList,FormalRest,Type,IntType,Statement,StatementList,Assign,InitializationStm,IncrementStm,ElseIf,ElseIfList,FormalVarExp,CaseList,Exp,Elist,And,Alist,Less,Llist,Term,Tlist,Not,DotArrayList,DotArray,Member,ExpList,ExpRest,Factor,New
,s226,,,,,,,,,,,,,,,,,,,,,,,,,,,,,,,,,,,,,,,,,,,,g2,g3,,,,,,,,,,,,,,,,,,,,,,,,,,,,,,,,,,,,,,,,,
a,,,,,,,,,,,,,,,,,,,,,,,,,,,,,,,,,,,,,,,,,,,,,,,,,,,,,,,,,,,,,,,,,,,,,,,,,,,,,,,,,,,,,,,
r4,r4,,,,,,,,,,,,,,,,,,,,,,,,,,,,,,,,,,,,,,,,,,,,,,g4,,,,,,,,,,,,,,,,,,,,,,,,,,,,,,,,,,,,,,,,
r1,s224,,,,,,,,,,,,,,,,,,,,,,,,,,,,,,,,,,,,,,,,,,,,,,,g5,g6,,,,,,,,,,,,,,,,,,,,,,,,,,,,,,,,,,,,,,
r3,r3,,,,,,,,,,,,,,,,,,,,,,,,,,,,,,,,,,,,,,,,,,,,,,,,,,,,,,,,,,,,,,,,,,,,,,,,,,,,,,,,,,,,,,
,,,s220,,,,,,,,,,,s8,,,,,,,,,,,,,,,,,,,,,,,,,,,,,,,,,,,,g7,,,,,,,,,,,,,,,,,,,,,,,,,,,,,,,,,,,,,
r5,r5,,,,,,,,,,,,,,,,,,,,,,,,,,,,,,,,,,,,,,,,,,,,,,,,,,,,,,,,,,,,,,,,,,,,,,,,,,,,,,,,,,,,,,
,,s9,,,,,,,,,,,,,,,,,,,,,,,,,,,,,,,,,,,,,,,,,,,,,,,,,,,,,,,,,,,,,,,,,,,,,,,,,,,,,,,,,,,,,
,,,s10,,,,,,,,,,,,,,,,,,,,,,,,,,,,,,,,,,,,,,,,,,,,,,,,,,,,,,,,,,,,,,,,,,,,,,,,,,,,,,,,,,,,
,,r10,r10,r10,,,,r10,,,,,r10,,,,,r10,r10,r10,r10,r10,r10,r10,r10,r10,r10,r10,,r10,,,,,,,,,,,,,,,,,,,,,g11,,,,,,,,,,,,,,,,,,,,,,,,,,,,,,,,,,,,
,,s168,,r20,,,,,,,,,r20,,,,,,s163,s167,,,,,,,,,,,,,,,,,,,,,,,,,,,,,,,,g200,,,,,,g12,,,g201,,,,,,,,,,,,,,,,,,,,,,,,,,
,,,,s15,,,,,,,,,s13,,,,,,,,,,,,,,,,,,,,,,,,,,,,,,,,,,,,,,,,,,,,g14,,,,,,,,,,,,,,,,,,,,,,,,,,,,,,
r8,r8,,,,,,,,,,,,,,,,,,,,,,,,,,,,,,,,,,,,,,,,,,,,,,,,,,,,,,,,,,,,,,,,,,,,,,,,,,,,,,,,,,,,,,
,,,,r19,,,,,,,,,r19,,,,,,,,,,,,,,,,,,,,,,,,,,,,,,,,,,,,,,,,,,,,,,,,,,,,,,,,,,,,,,,,,,,,,,,,,,
,,s168,,,,,,,,,,,,,,,,,s163,s167,,,,,,,,,,,,,,,,,,,,,,,,,,,,,,,,,,,,,,,,,g16,,,,,,,,,,,,,,,,,,,,,,,,,,
,,s17,,,,,,,,,,,,,,,,,,,,,,,,,,,,,,,,,,,,,,,,,,,,,,,,,,,,,,,,,,,,,,,,,,,,,,,,,,,,,,,,,,,,,
,,,,,,,,s18,,,,,,,,,,,,,,,,,,,,,,,,,,,,,,,,,,,,,,,,,,,,,,,,,,,,,,,,,,,,,,,,,,,,,,,,,,,,,,,
,,s168,,,,,,,,,,r22,,,,,,,s163,s167,,,,,,,,,,,,,,,,,,,,,,,,,,,,,,,,,,,,,,,g19,,g213,,,,,,,,,,,,,,,,,,,,,,,,,,
,,,,,,,,,,,,s20,,,,,,,,,,,,,,,,,,,,,,,,,,,,,,,,,,,,,,,,,,,,,,,,,,,,,,,,,,,,,,,,,,,,,,,,,,,
,,,s21,,,,,,,,,,,,,,,,,,,,,,,,,,,,,,,,,,,,,,,,,,,,,,,,,,,,,,,,,,,,,,,,,,,,,,,,,,,,,,,,,,,,
,,r10,r10,r10,,,,r10,,,,,r10,,,,,r10,r10,r10,r10,r10,r10,r10,r10,r10,r10,r10,,r10,,,,,,,,,,,,,,,,,,,,,g22,,,,,,,,,,,,,,,,,,,,,,,,,,,,,,,,,,,,
,,s168,r40,,,,,r40,,,,,r40,,,,,r40,s163,s167,r40,r40,r40,r40,r40,r40,r40,r40,,r40,,,,,,,,,,,,,,,,,,,,,,g200,,,,,,,,,g201,,,g23,,,,,,,,,,,,,,,,,,,,,,,
,,s111,s99,,,,,s147,,,,,,,,,,s24,,,s169,s102,s122,s90,s127,s142,,,,,,,,,,,,,,,,,,,,,,,,,,,,,,,,,,,,,g89,,,,,,,,,,,,,,,,,,,,,,,,
,,s79,,,,,,s82,,,,,,,,,,,,,,,,,,,,,,,,,,,,s51,,,s81,s77,s78,s80,s71,,,,,,,,,,,,,,,,,,,,,,,,,,,,,g25,,g28,,g33,,g38,,g46,,,,,,g66,
,,,,,,,,,,,,,,,s26,,,,,,,,,,,,,,,,,,,,,,,,,,,,,,,,,,,,,,,,,,,,,,,,,,,,,,,,,,,,,,,,,,,,,,,,
,,,,,,,,,,,,,s27,,,,,,,,,,,,,,,,,,,,,,,,,,,,,,,,,,,,,,,,,,,,,,,,,,,,,,,,,,,,,,,,,,,,,,,,,,
,,,,r18,,,,,,,,,r18,,,,,,,,,,,,,,,,,,,,,,,,,,,,,,,,,,,,,,,,,,,,,,,,,,,,,,,,,,,,,,,,,,,,,,,,,,
,,,,,,,,,,,r56,r56,,,r56,,r56,,,,,,,,,,,,r56,,s30,,,,,,,,,,,,,,,,,,,,,,,,,,,,,,,,,,,,,,,,,,g29,,,,,,,,,,,,,,
,,,,,,,,,,,r54,r54,,,r54,,r54,,,,,,,,,,,,r54,,,,,,,,,,,,,,,,,,,,,,,,,,,,,,,,,,,,,,,,,,,,,,,,,,,,,,,,,,
,,s79,,,,,,s82,,,,,,,,,,,,,,,,,,,,,,,,,,,,s51,,,s81,s77,s78,s80,s71,,,,,,,,,,,,,,,,,,,,,,,,,,,,,,,g31,,g33,,g38,,g46,,,,,,g66,
,,,,,,,,,,,r56,r56,,,r56,,r56,,,,,,,,,,,,r56,,s30,,,,,,,,,,,,,,,,,,,,,,,,,,,,,,,,,,,,,,,,,,g32,,,,,,,,,,,,,,
,,,,,,,,,,,r55,r55,,,r55,,r55,,,,,,,,,,,,r55,,,,,,,,,,,,,,,,,,,,,,,,,,,,,,,,,,,,,,,,,,,,,,,,,,,,,,,,,,
,,,,,,,,,,,r59,r59,,,r59,,r59,,,,,,,,,,,,r59,,r59,s35,,,,,,,,,,,,,,,,,,,,,,,,,,,,,,,,,,,,,,,,,,,g34,,,,,,,,,,,,
,,,,,,,,,,,r57,r57,,,r57,,r57,,,,,,,,,,,,r57,,r57,,,,,,,,,,,,,,,,,,,,,,,,,,,,,,,,,,,,,,,,,,,,,,,,,,,,,,,,
,,s79,,,,,,s82,,,,,,,,,,,,,,,,,,,,,,,,,,,,s51,,,s81,s77,s78,s80,s71,,,,,,,,,,,,,,,,,,,,,,,,,,,,,,,,,g36,,g38,,g46,,,,,,g66,
,,,,,,,,,,,r59,r59,,,r59,,r59,,,,,,,,,,,,r59,,r59,s35,,,,,,,,,,,,,,,,,,,,,,,,,,,,,,,,,,,,,,,,,,,g37,,,,,,,,,,,,
,,,,,,,,,,,r58,r58,,,r58,,r58,,,,,,,,,,,,r58,,r58,,,,,,,,,,,,,,,,,,,,,,,,,,,,,,,,,,,,,,,,,,,,,,,,,,,,,,,,
,,,,,,,,,,,r63,r63,,,r63,,r63,,,,,,,,,,,,r63,,r63,r63,s43,s40,,,,,,,,,,,,,,,,,,,,,,,,,,,,,,,,,,,,,,,,,,,g39,,,,,,,,,,
,,,,,,,,,,,r60,r60,,,r60,,r60,,,,,,,,,,,,r60,,r60,r60,,,,,,,,,,,,,,,,,,,,,,,,,,,,,,,,,,,,,,,,,,,,,,,,,,,,,,,
,,s79,,,,,,s82,,,,,,,,,,,,,,,,,,,,,,,,,,,,s51,,,s81,s77,s78,s80,s71,,,,,,,,,,,,,,,,,,,,,,,,,,,,,,,,,,,g41,,g46,,,,,,g66,
,,,,,,,,,,,r63,r63,,,r63,,r63,,,,,,,,,,,,r63,,r63,r63,s43,s40,,,,,,,,,,,,,,,,,,,,,,,,,,,,,,,,,,,,,,,,,,,g42,,,,,,,,,,
,,,,,,,,,,,r62,r62,,,r62,,r62,,,,,,,,,,,,r62,,r62,r62,,,,,,,,,,,,,,,,,,,,,,,,,,,,,,,,,,,,,,,,,,,,,,,,,,,,,,,
,,s79,,,,,,s82,,,,,,,,,,,,,,,,,,,,,,,,,,,,s51,,,s81,s77,s78,s80,s71,,,,,,,,,,,,,,,,,,,,,,,,,,,,,,,,,,,g44,,g46,,,,,,g66,
,,,,,,,,,,,r63,r63,,,r63,,r63,,,,,,,,,,,,r63,,r63,r63,s43,s40,,,,,,,,,,,,,,,,,,,,,,,,,,,,,,,,,,,,,,,,,,,g45,,,,,,,,,,
,,,,,,,,,,,r61,r61,,,r61,,r61,,,,,,,,,,,,r61,,r61,r61,,,,,,,,,,,,,,,,,,,,,,,,,,,,,,,,,,,,,,,,,,,,,,,,,,,,,,,
,,,,,,,,,,,r66,r66,,,r66,,r66,,,,,,,,,,,,r66,,r66,r66,r66,r66,s48,,,,,,,,,,,,,,,,,,,,,,,,,,,,,,,,,,,,,,,,,,,,g47,,,,,,,,
,,,,,,,,,,,r64,r64,,,r64,,r64,,,,,,,,,,,,r64,,r64,r64,r64,r64,,,,,,,,,,,,,,,,,,,,,,,,,,,,,,,,,,,,,,,,,,,,,,,,,,,,,
,,s79,,,,,,s82,,,,,,,,,,,,,,,,,,,,,,,,,,,,s51,,,s81,s77,s78,s80,s71,,,,,,,,,,,,,,,,,,,,,,,,,,,,,,,,,,,,,g49,,,,,,g66,
,,,,,,,,,,,r66,r66,,,r66,,r66,,,,,,,,,,,,r66,,r66,r66,r66,r66,s48,,,,,,,,,,,,,,,,,,,,,,,,,,,,,,,,,,,,,,,,,,,,g50,,,,,,,,
,,,,,,,,,,,r65,r65,,,r65,,r65,,,,,,,,,,,,r65,,r65,r65,r65,r65,,,,,,,,,,,,,,,,,,,,,,,,,,,,,,,,,,,,,,,,,,,,,,,,,,,,,
,,s79,,,,,,s82,,,,,,,,,,,,,,,,,,,,,,,,,,,,,,,s81,s77,s78,s80,s71,,,,,,,,,,,,,,,,,,,,,,,,,,,,,,,,,,,,,,,,,,,g52,
,,,,,,,,,,r70,r70,r70,,,r70,,r70,,,,,,,,,,,,r70,,r70,r70,r70,r70,r70,,r70,,,,,,,,,,,,,,,,,,,,,,,,,,,,,,,,,,,,,,,,,,,,g53,,,,,,
,,,,,,,,,,s68,r67,r67,,,r67,,r67,,,,,,,,,,,,r67,,r67,r67,r67,r67,r67,,s55,,,,,,,,,,,,,,,,,,,,,,,,,,,,,,,,,,,,,,,,,,,,,g54,,,,,
,,,,,,,,,,r69,r69,r69,,,r69,,r69,,,,,,,,,,,,r69,,r69,r69,r69,r69,r69,,r69,,,,,,,,,,,,,,,,,,,,,,,,,,,,,,,,,,,,,,,,,,,,,,,,,,
,,s57,,,,,,,,,,,,,,,,,,,,,,,,,,,,,,,,,,,,s88,,,,,,,,,,,,,,,,,,,,,,,,,,,,,,,,,,,,,,,,,,,,,g56,,,,
,,,,,,,,,,r71,r71,r71,,,r71,,r71,,,,,,,,,,,,r71,,r71,r71,r71,r71,r71,,r71,,,,,,,,,,,,,,,,,,,,,,,,,,,,,,,,,,,,,,,,,,,,,,,,,,
,,,,,,,,s58,,,,,,,,,,,,,,,,,,,,,,,,,,,,,,,,,,,,,,,,,,,,,,,,,,,,,,,,,,,,,,,,,,,,,,,,,,,,,,,
,,s79,,,,,,s82,,,,r76,,,,,,,,,,,,,,,,,,,,,,,,s51,,,s81,s77,s78,s80,s71,,,,,,,,,,,,,,,,,,,,,,,,,,,,,g61,,g28,,g33,,g38,,g46,,,,g59,,g66,
,,,,,,,,,,,,s60,,,,,,,,,,,,,,,,,,,,,,,,,,,,,,,,,,,,,,,,,,,,,,,,,,,,,,,,,,,,,,,,,,,,,,,,,,,
,,,,,,,,,,r74,r74,r74,,,r74,,r74,,,,,,,,,,,,r74,,r74,r74,r74,r74,r74,,r74,,,,,,,,,,,,,,,,,,,,,,,,,,,,,,,,,,,,,,,,,,,,,,,,,,
,,,,,,,,,,,,r78,,,,,s63,,,,,,,,,,,,,,,,,,,,,,,,,,,,,,,,,,,,,,,,,,,,,,,,,,,,,,,,,,,,,,,,,,,,g62,,
,,,,,,,,,,,,r75,,,,,,,,,,,,,,,,,,,,,,,,,,,,,,,,,,,,,,,,,,,,,,,,,,,,,,,,,,,,,,,,,,,,,,,,,,,
,,s79,,,,,,s82,,,,,,,,,,,,,,,,,,,,,,,,,,,,s51,,,s81,s77,s78,s80,s71,,,,,,,,,,,,,,,,,,,,,,,,,,,,,g64,,g28,,g33,,g38,,g46,,,,,,g66,
,,,,,,,,,,,,r78,,,,,s63,,,,,,,,,,,,,,,,,,,,,,,,,,,,,,,,,,,,,,,,,,,,,,,,,,,,,,,,,,,,,,,,,,,,g65,,
,,,,,,,,,,,,r77,,,,,,,,,,,,,,,,,,,,,,,,,,,,,,,,,,,,,,,,,,,,,,,,,,,,,,,,,,,,,,,,,,,,,,,,,,,
,,,,,,,,,,r70,r70,r70,,,r70,,r70,,,,,,,,,,,,r70,,r70,r70,r70,r70,r70,,r70,,,,,,,,,,,,,,,,,,,,,,,,,,,,,,,,,,,,,,,,,,,,g67,,,,,,
,,,,,,,,,,s68,r68,r68,,,r68,,r68,,,,,,,,,,,,r68,,r68,r68,r68,r68,r68,,s55,,,,,,,,,,,,,,,,,,,,,,,,,,,,,,,,,,,,,,,,,,,,,g54,,,,,
,,s79,,,,,,s82,,,,,,,,,,,,,,,,,,,,,,,,,,,,s51,,,s81,s77,s78,s80,s71,,,,,,,,,,,,,,,,,,,,,,,,,,,,,g69,,g28,,g33,,g38,,g46,,,,,,g66,
,,,,,,,,,,,s70,,,,,,,,,,,,,,,,,,,,,,,,,,,,,,,,,,,,,,,,,,,,,,,,,,,,,,,,,,,,,,,,,,,,,,,,,,,,
,,,,,,,,,,r72,r72,r72,,,r72,,r72,,,,,,,,,,,,r72,,r72,r72,r72,r72,r72,,r72,,,,,,,,,,,,,,,,,,,,,,,,,,,,,,,,,,,,,,,,,,,,,,,,,,
,,s85,,,,,,,,,,,,,,,,,s73,,,,,,,,,,,,,,,,,,,,,,,,,,,,,,,,,,,,,,,,,,,,,,,,,,,,,,,,,,,,,,,,,,,,g72
,,,,,,,,,,r84,r84,r84,,,r84,,r84,,,,,,,,,,,,r84,,r84,r84,r84,r84,r84,,r84,,,,,,,,,,,,,,,,,,,,,,,,,,,,,,,,,,,,,,,,,,,,,,,,,,
,,,,,,,,,,s74,,,,,,,,,,,,,,,,,,,,,,,,,,,,,,,,,,,,,,,,,,,,,,,,,,,,,,,,,,,,,,,,,,,,,,,,,,,,,
,,s79,,,,,,s82,,,,,,,,,,,,,,,,,,,,,,,,,,,,s51,,,s81,s77,s78,s80,s71,,,,,,,,,,,,,,,,,,,,,,,,,,,,,g75,,g28,,g33,,g38,,g46,,,,,,g66,
,,,,,,,,,,,s76,,,,,,,,,,,,,,,,,,,,,,,,,,,,,,,,,,,,,,,,,,,,,,,,,,,,,,,,,,,,,,,,,,,,,,,,,,,,
,,,,,,,,,,r86,r86,r86,,,r86,,r86,,,,,,,,,,,,r86,,r86,r86,r86,r86,r86,,r86,,,,,,,,,,,,,,,,,,,,,,,,,,,,,,,,,,,,,,,,,,,,,,,,,,
,,,,,,,,,,r80,r80,r80,,,r80,,r80,,,,,,,,,,,,r80,,r80,r80,r80,r80,r80,,r80,,,,,,,,,,,,,,,,,,,,,,,,,,,,,,,,,,,,,,,,,,,,,,,,,,
,,,,,,,,,,r81,r81,r81,,,r81,,r81,,,,,,,,,,,,r81,,r81,r81,r81,r81,r81,,r81,,,,,,,,,,,,,,,,,,,,,,,,,,,,,,,,,,,,,,,,,,,,,,,,,,
,,,,,,,,,,r82,r82,r82,,,r82,,r82,,,,,,,,,,,,r82,,r82,r82,r82,r82,r82,,r82,,,,,,,,,,,,,,,,,,,,,,,,,,,,,,,,,,,,,,,,,,,,,,,,,,
,,,,,,,,,,r83,r83,r83,,,r83,,r83,,,,,,,,,,,,r83,,r83,r83,r83,r83,r83,,r83,,,,,,,,,,,,,,,,,,,,,,,,,,,,,,,,,,,,,,,,,,,,,,,,,,
,,,,,,,,,,r79,r79,r79,,,r79,,r79,,,,,,,,,,,,r79,,r79,r79,r79,r79,r79,,r79,,,,,,,,,,,,,,,,,,,,,,,,,,,,,,,,,,,,,,,,,,,,,,,,,,
,,s79,,,,,,s82,,,,,,,,,,,,,,,,,,,,,,,,,,,,s51,,,s81,s77,s78,s80,s71,,,,,,,,,,,,,,,,,,,,,,,,,,,,,g83,,g28,,g33,,g38,,g46,,,,,,g66,
,,,,,,,,,,,,s84,,,,,,,,,,,,,,,,,,,,,,,,,,,,,,,,,,,,,,,,,,,,,,,,,,,,,,,,,,,,,,,,,,,,,,,,,,,
,,,,,,,,,,r85,r85,r85,,,r85,,r85,,,,,,,,,,,,r85,,r85,r85,r85,r85,r85,,r85,,,,,,,,,,,,,,,,,,,,,,,,,,,,,,,,,,,,,,,,,,,,,,,,,,
,,,,,,,,s86,,,,,,,,,,,,,,,,,,,,,,,,,,,,,,,,,,,,,,,,,,,,,,,,,,,,,,,,,,,,,,,,,,,,,,,,,,,,,,,
,,,,,,,,,,,,s87,,,,,,,,,,,,,,,,,,,,,,,,,,,,,,,,,,,,,,,,,,,,,,,,,,,,,,,,,,,,,,,,,,,,,,,,,,,
,,,,,,,,,,r87,r87,r87,,,r87,,r87,,,,,,,,,,,,r87,,r87,r87,r87,r87,r87,,r87,,,,,,,,,,,,,,,,,,,,,,,,,,,,,,,,,,,,,,,,,,,,,,,,,,
,,,,,,,,,,r73,r73,r73,,,r73,,r73,,,,,,,,,,,,r73,,r73,r73,r73,r73,r73,,r73,,,,,,,,,,,,,,,,,,,,,,,,,,,,,,,,,,,,,,,,,,,,,,,,,,
,,r39,r39,,,,,r39,,,,,r39,,,,,r39,,,r39,r39,r39,r39,r39,r39,r39,r39,,r39,,,,,,,,,,,,,,,,,,,,,,,,,,,,,,,,,,,,,,,,,,,,,,,,,,,,,,,,,
,,,,,,,,s91,,,,,,,,,,,,,,,,,,,,,,,,,,,,,,,,,,,,,,,,,,,,,,,,,,,,,,,,,,,,,,,,,,,,,,,,,,,,,,,
,,s192,,,,,,,,,,,,,,,,,,,,,,,,,,,,,,,,,,,,,,,,,,,,,,,,,,,,,,,,,,,,,,,,g92,,,,,,,,,,,,,,,,,,,,,
,,,,,,,,,,,,,,,s93,,,,,,,,,,,,,,,,,,,,,,,,,,,,,,,,,,,,,,,,,,,,,,,,,,,,,,,,,,,,,,,,,,,,,,,,
,,s79,,,,,,s82,,,,,,,,,,,,,,,,,,,,,,,,,,,,s51,,,s81,s77,s78,s80,s71,,,,,,,,,,,,,,,,,,,,,,,,,,,,,g94,,g28,,g33,,g38,,g46,,,,,,g66,
,,,,,,,,,,,,,,,s95,,,,,,,,,,,,,,,,,,,,,,,,,,,,,,,,,,,,,,,,,,,,,,,,,,,,,,,,,,,,,,,,,,,,,,,,
,,s184,,,,,,,,,,,,,,,,,,,,,,,,,,,,,,,,,,,,,,,,,,,,,,,,,,,,,,,,,,,,,,,,,g96,,,,,,,,,,,,,,,,,,,,
,,,,,,,,,,,,s97,,,,,,,,,,,,,,,,,,,,,,,,,,,,,,,,,,,,,,,,,,,,,,,,,,,,,,,,,,,,,,,,,,,,,,,,,,,
,,s111,s99,,,,,s147,,,,,,,,,,,,,s169,s102,s122,s90,s127,s142,,,,,,,,,,,,,,,,,,,,,,,,,,,,,,,,,,,,,g98,,,,,,,,,,,,,,,,,,,,,,,,
,,r34,r34,,,,,r34,,,,,r34,,,,,r34,,,r34,r34,r34,r34,r34,r34,r34,r34,,r34,,,,,,,,,,,,,,,,,,,,,,,,,,,,,,,,,,,,,,,,,,,,,,,,,,,,,,,,,
,,r40,r40,,,,,r40,,,,,r40,,,,,r40,,,r40,r40,r40,r40,r40,r40,r40,r40,,r40,,,,,,,,,,,,,,,,,,,,,,,,,,,,,,,,,,g100,,,,,,,,,,,,,,,,,,,,,,,
,,s111,s99,,,,,s147,,,,,s101,,,,,,,,s169,s102,s122,s90,s127,s142,,,,,,,,,,,,,,,,,,,,,,,,,,,,,,,,,,,,,g89,,,,,,,,,,,,,,,,,,,,,,,,
,,r30,r30,,,,,r30,,,,,r30,,,,,r30,,,r30,r30,r30,r30,r30,r30,r30,r30,,r30,,,,,,,,,,,,,,,,,,,,,,,,,,,,,,,,,,,,,,,,,,,,,,,,,,,,,,,,,
,,,s103,,,,,,,,,,,,,,,,,,,,,,,,,,,,,,,,,,,,,,,,,,,,,,,,,,,,,,,,,,,,,,,,,,,,,,,,,,,,,,,,,,,,
,,s111,s99,,,,,s147,,,,,,,,,,,,,s169,s102,s122,s90,s127,s142,,,,,,,,,,,,,,,,,,,,,,,,,,,,,,,,,,,,,g104,,,,,,,,,,,,,,,,,,,,,,,,
,,,,,,,,,,,,,s105,,,,,,,,,,,,,,,,,,,,,,,,,,,,,,,,,,,,,,,,,,,,,,,,,,,,,,,,,,,,,,,,,,,,,,,,,,
,,,,,,,,,,,,,,,,,,,,,,,s106,,,,,,,,,,,,,,,,,,,,,,,,,,,,,,,,,,,,,,,,,,,,,,,,,,,,,,,,,,,,,,,,
,,,,,,,,s107,,,,,,,,,,,,,,,,,,,,,,,,,,,,,,,,,,,,,,,,,,,,,,,,,,,,,,,,,,,,,,,,,,,,,,,,,,,,,,,
,,s79,,,,,,s82,,,,,,,,,,,,,,,,,,,,,,,,,,,,s51,,,s81,s77,s78,s80,s71,,,,,,,,,,,,,,,,,,,,,,,,,,,,,g108,,g28,,g33,,g38,,g46,,,,,,g66,
,,,,,,,,,,,,s109,,,,,,,,,,,,,,,,,,,,,,,,,,,,,,,,,,,,,,,,,,,,,,,,,,,,,,,,,,,,,,,,,,,,,,,,,,,
,,,,,,,,,,,,,,,s110,,,,,,,,,,,,,,,,,,,,,,,,,,,,,,,,,,,,,,,,,,,,,,,,,,,,,,,,,,,,,,,,,,,,,,,,
,,r32,r32,,,,,r32,,,,,r32,,,,,r32,,,r32,r32,r32,r32,r32,r32,r32,r32,,r32,,,,,,,,,,,,,,,,,,,,,,,,,,,,,,,,,,,,,,,,,,,,,,,,,,,,,,,,,
,,,,,,,,,,s116,,,,,,s113,,,,,,,,,,,,,,,,,,,,,,,,,,,,,,,,,,,,,,,,,,,,,,,,,g112,,,,,,,,,,,,,,,,,,,,,,
,,r37,r37,,,,,r37,,,,,r37,,,,,r37,,,r37,r37,r37,r37,r37,r37,r37,r37,,r37,,,,,,,,,,,,,,,,,,,,,,,,,,,,,,,,,,,,,,,,,,,,,,,,,,,,,,,,,
,,s79,,,,,,s82,,,,,,,,,,,,,,,,,,,,,,,,,,,,s51,,,s81,s77,s78,s80,s71,,,,,,,,,,,,,,,,,,,,,,,,,,,,,g114,,g28,,g33,,g38,,g46,,,,,,g66,
,,,,,,,,,,,,,,,s115,,,,,,,,,,,,,,,,,,,,,,,,,,,,,,,,,,,,,,,,,,,,,,,,,,,,,,,,,,,,,,,,,,,,,,,,
,,r41,r41,,,,,r41,,,,,r41,,,,,r41,,,r41,r41,r41,r41,r41,r41,r41,r41,,r41,,,,,,,,,,,,,,,,,,,,,,,,,,,,,,,,,,,,,,,,,,,,,,,,,,,,,,,,,
,,s79,,,,,,s82,,,,,,,,,,,,,,,,,,,,,,,,,,,,s51,,,s81,s77,s78,s80,s71,,,,,,,,,,,,,,,,,,,,,,,,,,,,,g117,,g28,,g33,,g38,,g46,,,,,,g66,
,,,,,,,,,,,s118,,,,,,,,,,,,,,,,,,,,,,,,,,,,,,,,,,,,,,,,,,,,,,,,,,,,,,,,,,,,,,,,,,,,,,,,,,,,
,,,,,,,,,,,,,,,,s119,,,,,,,,,,,,,,,,,,,,,,,,,,,,,,,,,,,,,,,,,,,,,,,,,,,,,,,,,,,,,,,,,,,,,,,
,,s79,,,,,,s82,,,,,,,,,,,,,,,,,,,,,,,,,,,,s51,,,s81,s77,s78,s80,s71,,,,,,,,,,,,,,,,,,,,,,,,,,,,,g120,,g28,,g33,,g38,,g46,,,,,,g66,
,,,,,,,,,,,,,,,s121,,,,,,,,,,,,,,,,,,,,,,,,,,,,,,,,,,,,,,,,,,,,,,,,,,,,,,,,,,,,,,,,,,,,,,,,
,,r42,r42,,,,,r42,,,,,r42,,,,,r42,,,r42,r42,r42,r42,r42,r42,r42,r42,,r42,,,,,,,,,,,,,,,,,,,,,,,,,,,,,,,,,,,,,,,,,,,,,,,,,,,,,,,,,
,,,,,,,,s123,,,,,,,,,,,,,,,,,,,,,,,,,,,,,,,,,,,,,,,,,,,,,,,,,,,,,,,,,,,,,,,,,,,,,,,,,,,,,,,
,,s79,,,,,,s82,,,,,,,,,,,,,,,,,,,,,,,,,,,,s51,,,s81,s77,s78,s80,s71,,,,,,,,,,,,,,,,,,,,,,,,,,,,,g124,,g28,,g33,,g38,,g46,,,,,,g66,
,,,,,,,,,,,,s125,,,,,,,,,,,,,,,,,,,,,,,,,,,,,,,,,,,,,,,,,,,,,,,,,,,,,,,,,,,,,,,,,,,,,,,,,,,
,,s111,s99,,,,,s147,,,,,,,,,,,,,s169,s102,s122,s90,s127,s142,,,,,,,,,,,,,,,,,,,,,,,,,,,,,,,,,,,,,g126,,,,,,,,,,,,,,,,,,,,,,,,
,,r33,r33,,,,,r33,,,,,r33,,,,,r33,,,r33,r33,r33,r33,r33,r33,r33,r33,,r33,,,,,,,,,,,,,,,,,,,,,,,,,,,,,,,,,,,,,,,,,,,,,,,,,,,,,,,,,
,,,,,,,,s128,,,,,,,,,,,,,,,,,,,,,,,,,,,,,,,,,,,,,,,,,,,,,,,,,,,,,,,,,,,,,,,,,,,,,,,,,,,,,,,
,,s129,,,,,,,,,,,,,,,,,,,,,,,,,,,,,,,,,,,,,,,,,,,,,,,,,,,,,,,,,,,,,,,,,,,,,,,,,,,,,,,,,,,,,
,,,,,,,,,,,,s130,,,,,,,,,,,,,,,,,,,,,,,,,,,,,,,,,,,,,,,,,,,,,,,,,,,,,,,,,,,,,,,,,,,,,,,,,,,
,,,s131,,,,,,,,,,,,,,,,,,,,,,,,,,,,,,,,,,,,,,,,,,,,,,,,,,,,,,,,,,,,,,,,,,,,,,,,,,,,,,,,,,,,
,,,,,,,,,,,,,,,,,,,,,,,,,,,,s134,,s139,,,,,,,,,,,,,,,,,,,,,,,,,,,,,,,,,,,,,,,,,g132,,,,,,,,,,,,,,,,
,,,,,,,,,,,,,s133,,,,,,,,,,,,,,,,,,,,,,,,,,,,,,,,,,,,,,,,,,,,,,,,,,,,,,,,,,,,,,,,,,,,,,,,,,
,,r35,r35,,,,,r35,,,,,r35,,,,,r35,,,r35,r35,r35,r35,r35,r35,r35,r35,,r35,,,,,,,,,,,,,,,,,,,,,,,,,,,,,,,,,,,,,,,,,,,,,,,,,,,,,,,,,
,,s79,,,,,,s82,,,,,,,,,,,,,,,,,,,,,,,,,,,,s51,,,s81,s77,s78,s80,s71,,,,,,,,,,,,,,,,,,,,,,,,,,,,,g135,,g28,,g33,,g38,,g46,,,,,,g66,
,,,,,,,,,,,,,,,,,,,,,,,,,,,,,s136,,,,,,,,,,,,,,,,,,,,,,,,,,,,,,,,,,,,,,,,,,,,,,,,,,,,,,,,,,
,,s111,s99,,,,,s147,,,,,,,,,,,,,s169,s102,s122,s90,s127,s142,,,,,,,,,,,,,,,,,,,,,,,,,,,,,,,,,,,,,g137,,,,,,,,,,,,,,,,,,,,,,,,
,,,,,,,,,,,,,,,,,,,,,,,,,,,,s134,,s139,,,,,,,,,,,,,,,,,,,,,,,,,,,,,,,,,,,,,,,,,g138,,,,,,,,,,,,,,,,
,,,,,,,,,,,,,r52,,,,,,,,,,,,,,,,,,,,,,,,,,,,,,,,,,,,,,,,,,,,,,,,,,,,,,,,,,,,,,,,,,,,,,,,,,
,,,,,,,,,,,,,,,,,,,,,,,,,,,,,s140,,,,,,,,,,,,,,,,,,,,,,,,,,,,,,,,,,,,,,,,,,,,,,,,,,,,,,,,,,
,,s111,s99,,,,,s147,,,,,,,,,,,,,s169,s102,s122,s90,s127,s142,,,,,,,,,,,,,,,,,,,,,,,,,,,,,,,,,,,,,g141,,,,,,,,,,,,,,,,,,,,,,,,
,,,,,,,,,,,,,r53,,,,,,,,,,,,,,,,,,,,,,,,,,,,,,,,,,,,,,,,,,,,,,,,,,,,,,,,,,,,,,,,,,,,,,,,,,
,,,,,,,,s143,,,,,,,,,,,,,,,,,,,,,,,,,,,,,,,,,,,,,,,,,,,,,,,,,,,,,,,,,,,,,,,,,,,,,,,,,,,,,,,
,,s79,,,,,,s82,,,,,,,,,,,,,,,,,,,,,,,,,,,,s51,,,s81,s77,s78,s80,s71,,,,,,,,,,,,,,,,,,,,,,,,,,,,,g144,,g28,,g33,,g38,,g46,,,,,,g66,
,,,,,,,,,,,,s145,,,,,,,,,,,,,,,,,,,,,,,,,,,,,,,,,,,,,,,,,,,,,,,,,,,,,,,,,,,,,,,,,,,,,,,,,,,
,,,,,,,,,,,,,,,s146,,,,,,,,,,,,,,,,,,,,,,,,,,,,,,,,,,,,,,,,,,,,,,,,,,,,,,,,,,,,,,,,,,,,,,,,
,,r36,r36,,,,,r36,,,,,r36,,,,,r36,,,r36,r36,r36,r36,r36,r36,r36,r36,,r36,,,,,,,,,,,,,,,,,,,,,,,,,,,,,,,,,,,,,,,,,,,,,,,,,,,,,,,,,
,,s168,,,,,,,,,,,,,,,,,s163,s167,,,,,,,,,,,,,,,,,,,,,,,,,,,,,,,,,,,,,,,,,g148,,,,,,,,,,,,,,,,,,,,,,,,,,
,,s149,,,,,,,,,,,,,,,,,,,,,,,,,,,,,,,,,,,,,,,,,,,,,,,,,,,,,,,,,,,,,,,,,,,,,,,,,,,,,,,,,,,,,
,,,,,,,,,,,,,,,,s150,,,,,,,,,,,,,,,,,,,,,,,,,,,,,,,,,,,,,,,,,,,,,,,,,,,,,,,,,,,,,,,,,,,,,,,
,,s79,,,,,,s82,,,,,,,,,,,,,,,,,,,,,,,,,,,,s51,,,s81,s77,s78,s80,s71,,,,,,,,,,,,,,,,,,,,,,,,,,,,,g151,,g28,,g33,,g38,,g46,,,,,,g66,
,,,,,,,,,,,,s152,,,,,,,,,,,,,,,,,,,,,,,,,,,,,,,,,,,,,,,,,,,,,,,,,,,,,,,,,,,,,,,,,,,,,,,,,,,
,,,,,,,,,,,,,,,r51,,s155,,,,,,,,,,,,,,,,,,,,,,,,,,,,,,,,,,,,,,,,,,,,,,,,,,,,,g153,,,,,,,,,,,,,,,,,
,,,,,,,,,,,,,,,s154,,,,,,,,,,,,,,,,,,,,,,,,,,,,,,,,,,,,,,,,,,,,,,,,,,,,,,,,,,,,,,,,,,,,,,,,
,,r38,r38,,,,,r38,,,,,r38,,,,,r38,,,r38,r38,r38,r38,r38,r38,r38,r38,,r38,,,,,,,,,,,,,,,,,,,,,,,,,,,,,,,,,,,,,,,,,,,,,,,,,,,,,,,,,
,,,,,,,,s156,,,,,,,,,,,,,,,,,,,,,,,,,,,,,,,,,,,,,,,,,,,,,,,,,,,,,,,,,,,,,,,,,,,,,,,,,,,,,,,
,,s168,,,,,,,,,,,,,,,,,s163,s167,,,,,,,,,,,,,,,,,,,,,,,,,,,,,,,,,,,,,,,,,g157,,,,,,,,,,,,,,,,,,,,,,,,,,
,,s158,,,,,,,,,,,,,,,,,,,,,,,,,,,,,,,,,,,,,,,,,,,,,,,,,,,,,,,,,,,,,,,,,,,,,,,,,,,,,,,,,,,,,
,,,,,,,,,,,,,,,,s159,,,,,,,,,,,,,,,,,,,,,,,,,,,,,,,,,,,,,,,,,,,,,,,,,,,,,,,,,,,,,,,,,,,,,,,
,,s79,,,,,,s82,,,,,,,,,,,,,,,,,,,,,,,,,,,,s51,,,s81,s77,s78,s80,s71,,,,,,,,,,,,,,,,,,,,,,,,,,,,,g160,,g28,,g33,,g38,,g46,,,,,,g66,
,,,,,,,,,,,,s161,,,,,,,,,,,,,,,,,,,,,,,,,,,,,,,,,,,,,,,,,,,,,,,,,,,,,,,,,,,,,,,,,,,,,,,,,,,
,,,,,,,,,,,,,,,r51,,s155,,,,,,,,,,,,,,,,,,,,,,,,,,,,,,,,,,,,,,,,,,,,,,,,,,,,,g162,,,,,,,,,,,,,,,,,
,,,,,,,,,,,,,,,r50,,,,,,,,,,,,,,,,,,,,,,,,,,,,,,,,,,,,,,,,,,,,,,,,,,,,,,,,,,,,,,,,,,,,,,,,
,,r29,,,,,,,,s165,,,,,r29,,r29,,,,,,,,,,,,,,,,,,,,,,,,,,,,,,,,,,,,,,,,,,,,,g164,,,,,,,,,,,,,,,,,,,,,,,,,
,,r25,,,,,,,,,,,,,r25,,r25,,,,,,,,,,,,,,,,,,,,,,,,,,,,,,,,,,,,,,,,,,,,,,,,,,,,,,,,,,,,,,,,,,,,,,
,,,,,,,,,,,s166,,,,,,,,,,,,,,,,,,,,,,,,,,,,,,,,,,,,,,,,,,,,,,,,,,,,,,,,,,,,,,,,,,,,,,,,,,,,
,,r28,,,,,,,,,,,,,r28,,r28,,,,,,,,,,,,,,,,,,,,,,,,,,,,,,,,,,,,,,,,,,,,,,,,,,,,,,,,,,,,,,,,,,,,,,
,,r26,,,,,,,,,,,,,r26,,r26,,,,,,,,,,,,,,,,,,,,,,,,,,,,,,,,,,,,,,,,,,,,,,,,,,,,,,,,,,,,,,,,,,,,,,
,,r27,,,,,,,,,,,,,r27,,r27,,,,,,,,,,,,,,,,,,,,,,,,,,,,,,,,,,,,,,,,,,,,,,,,,,,,,,,,,,,,,,,,,,,,,,
,,,,,,,,s170,,,,,,,,,,,,,,,,,,,,,,,,,,,,,,,,,,,,,,,,,,,,,,,,,,,,,,,,,,,,,,,,,,,,,,,,,,,,,,,
,,s79,,,,,,s82,,,,,,,,,,,,,,,,,,,,,,,,,,,,s51,,,s81,s77,s78,s80,s71,,,,,,,,,,,,,,,,,,,,,,,,,,,,,g171,,g28,,g33,,g38,,g46,,,,,,g66,
,,,,,,,,,,,,s172,,,,,,,,,,,,,,,,,,,,,,,,,,,,,,,,,,,,,,,,,,,,,,,,,,,,,,,,,,,,,,,,,,,,,,,,,,,
,,,s173,,,,,,,,,,,,,,,,,,,,,,,,,,,,,,,,,,,,,,,,,,,,,,,,,,,,,,,,,,,,,,,,,,,,,,,,,,,,,,,,,,,,
,,s111,s99,,,,,s147,,,,,,,,,,,,,s169,s102,s122,s90,s127,s142,,,,,,,,,,,,,,,,,,,,,,,,,,,,,,,,,,,,,g174,,,,,,,,,,,,,,,,,,,,,,,,
,,,,,,,,,,,,,s175,,,,,,,,,,,,,,,,,,,,,,,,,,,,,,,,,,,,,,,,,,,,,,,,,,,,,,,,,,,,,,,,,,,,,,,,,,
,,r49,r49,,,,,r49,,,,,r49,,,,,r49,,,r49,r49,r49,r49,r49,r49,r49,r49,,r49,,,,,,,,,,,,,,,,,,,,,,,,,,,,,,,,,,,,,,,g176,,,,,,,,,,,,,,,,,,
,,r31,r31,,,,,r31,,,,,r31,,,,,r31,,,r31,r31,r31,r31,r31,r31,s178,r31,,r31,,,,,,,,,,,,,,,,,,,,,,,,,,,,,,,,,,,,,,g177,,,,,,,,,,,,,,,,,,,
,,r48,r48,,,,,r48,,,,,r48,,,,,r48,,,r48,r48,r48,r48,r48,r48,r48,r48,,r48,,,,,,,,,,,,,,,,,,,,,,,,,,,,,,,,,,,,,,,,,,,,,,,,,,,,,,,,,
,,,,,,,,,,,,,,,,,,,,,s179,,,,,,,,,,,,,,,,,,,,,,,,,,,,,,,,,,,,,,,,,,,,,,,,,,,,,,,,,,,,,,,,,,
,,,,,,,,s180,,,,,,,,,,,,,,,,,,,,,,,,,,,,,,,,,,,,,,,,,,,,,,,,,,,,,,,,,,,,,,,,,,,,,,,,,,,,,,,
,,s79,,,,,,s82,,,,,,,,,,,,,,,,,,,,,,,,,,,,s51,,,s81,s77,s78,s80,s71,,,,,,,,,,,,,,,,,,,,,,,,,,,,,g181,,g28,,g33,,g38,,g46,,,,,,g66,
,,,,,,,,,,,,s182,,,,,,,,,,,,,,,,,,,,,,,,,,,,,,,,,,,,,,,,,,,,,,,,,,,,,,,,,,,,,,,,,,,,,,,,,,,
,,s111,s99,,,,,s147,,,,,,,,,,,,,s169,s102,s122,s90,s127,s142,,,,,,,,,,,,,,,,,,,,,,,,,,,,,,,,,,,,,g183,,,,,,,,,,,,,,,,,,,,,,,,
,,r47,r47,,,,,r47,,,,,r47,,,,,r47,,,r47,r47,r47,r47,r47,r47,r47,r47,,r47,,,,,,,,,,,,,,,,,,,,,,,,,,,,,,,,,,,,,,,,,,,,,,,,,,,,,,,,,
,,,,,,,,,,s187,,,,,,s185,,,,,,,,,,,,,,,,,,,,,,,,,,,,,,,,,,,,,,,,,,,,,,,,,,,,,,,,,,,,,,,,,,,,,,,
,,s79,,,,,,s82,,,,,,,,,,,,,,,,,,,,,,,,,,,,s51,,,s81,s77,s78,s80,s71,,,,,,,,,,,,,,,,,,,,,,,,,,,,,g186,,g28,,g33,,g38,,g46,,,,,,g66,
,,,,,,,,,,,,r45,,,,,,,,,,,,,,,,,,,,,,,,,,,,,,,,,,,,,,,,,,,,,,,,,,,,,,,,,,,,,,,,,,,,,,,,,,,
,,s79,,,,,,s82,,,,,,,,,,,,,,,,,,,,,,,,,,,,s51,,,s81,s77,s78,s80,s71,,,,,,,,,,,,,,,,,,,,,,,,,,,,,g188,,g28,,g33,,g38,,g46,,,,,,g66,
,,,,,,,,,,,s189,,,,,,,,,,,,,,,,,,,,,,,,,,,,,,,,,,,,,,,,,,,,,,,,,,,,,,,,,,,,,,,,,,,,,,,,,,,,
,,,,,,,,,,,,,,,,s190,,,,,,,,,,,,,,,,,,,,,,,,,,,,,,,,,,,,,,,,,,,,,,,,,,,,,,,,,,,,,,,,,,,,,,,
,,s79,,,,,,s82,,,,,,,,,,,,,,,,,,,,,,,,,,,,s51,,,s81,s77,s78,s80,s71,,,,,,,,,,,,,,,,,,,,,,,,,,,,,g191,,g28,,g33,,g38,,g46,,,,,,g66,
,,,,,,,,,,,,r46,,,,,,,,,,,,,,,,,,,,,,,,,,,,,,,,,,,,,,,,,,,,,,,,,,,,,,,,,,,,,,,,,,,,,,,,,,,
,,,,,,,,,,s195,,,,,,s193,,,,,,,,,,,,,,,,,,,,,,,,,,,,,,,,,,,,,,,,,,,,,,,,,,,,,,,,,,,,,,,,,,,,,,,
,,s79,,,,,,s82,,,,,,,,,,,,,,,,,,,,,,,,,,,,s51,,,s81,s77,s78,s80,s71,,,,,,,,,,,,,,,,,,,,,,,,,,,,,g194,,g28,,g33,,g38,,g46,,,,,,g66,
,,,,,,,,,,,,,,,r43,,,,,,,,,,,,,,,,,,,,,,,,,,,,,,,,,,,,,,,,,,,,,,,,,,,,,,,,,,,,,,,,,,,,,,,,
,,s79,,,,,,s82,,,,,,,,,,,,,,,,,,,,,,,,,,,,s51,,,s81,s77,s78,s80,s71,,,,,,,,,,,,,,,,,,,,,,,,,,,,,g196,,g28,,g33,,g38,,g46,,,,,,g66,
,,,,,,,,,,,s197,,,,,,,,,,,,,,,,,,,,,,,,,,,,,,,,,,,,,,,,,,,,,,,,,,,,,,,,,,,,,,,,,,,,,,,,,,,,
,,,,,,,,,,,,,,,,s198,,,,,,,,,,,,,,,,,,,,,,,,,,,,,,,,,,,,,,,,,,,,,,,,,,,,,,,,,,,,,,,,,,,,,,,
,,s79,,,,,,s82,,,,,,,,,,,,,,,,,,,,,,,,,,,,s51,,,s81,s77,s78,s80,s71,,,,,,,,,,,,,,,,,,,,,,,,,,,,,g199,,g28,,g33,,g38,,g46,,,,,,g66,
,,,,,,,,,,,,,,,r44,,,,,,,,,,,,,,,,,,,,,,,,,,,,,,,,,,,,,,,,,,,,,,,,,,,,,,,,,,,,,,,,,,,,,,,,
,,r9,r9,r9,,,,r9,,,,,r9,,,,,r9,r9,r9,r9,r9,r9,r9,r9,r9,r9,r9,,r9,,,,,,,,,,,,,,,,,,,,,,,,,,,,,,,,,,,,,,,,,,,,,,,,,,,,,,,,,
,,s211,,,,,,,,,,,,,,,,,,,,,,,,,,,,,,,,,,,,,,,,,,,,,,,,,,,g202,,,,,,,,,,,,,,,,,,,,,,,,,,,,,,,,,,
,,,,,,,,,,,,,,,r16,,r16,,,,,,,,,,,,,,,,,,,,,,,,,,,,,,,,,,,,,,g203,,,,,,,,,,,,,,,,,,,,,,,,,,,,,,,,
,,,,,,,,,,,,,,,s204,,s206,,,,,,,,,,,,,,,,,,,,,,,,,,,,,,,,,,,,,,,g205,,,,,,,,,,,,,,,,,,,,,,,,,,,,,,,
,,r11,r11,r11,,,,r11,,,,,r11,,,,,r11,r11,r11,r11,r11,r11,r11,r11,r11,r11,r11,,r11,,,,,,,,,,,,,,,,,,,,,,,,,,,,,,,,,,,,,,,,,,,,,,,,,,,,,,,,,
,,,,,,,,,,,,,,,r15,,r15,,,,,,,,,,,,,,,,,,,,,,,,,,,,,,,,,,,,,,,,,,,,,,,,,,,,,,,,,,,,,,,,,,,,,,
,,s207,,,,,,,,,,,,,,,,,,,,,,,,,,,,,,,,,,,,,,,,,,,,,,,,,,,,,,,,,,,,,,,,,,,,,,,,,,,,,,,,,,,,,
,,,,,,,,,,,,,,,r14,s209,r14,,,,,,,,,,,,,,,,,,,,,,,,,,,,,,,,,,,,,g208,,,,,,,,,,,,,,,,,,,,,,,,,,,,,,,,,
,,,,,,,,,,,,,,,r17,,r17,,,,,,,,,,,,,,,,,,,,,,,,,,,,,,,,,,,,,,,,,,,,,,,,,,,,,,,,,,,,,,,,,,,,,,
,,s79,,,,,,s82,,,,,,,,,,,,,,,,,,,,,,,,,,,,s51,,,s81,s77,s78,s80,s71,,,,,,,,,,,,,,,,,,,,,,,,,,,,,g210,,g28,,g33,,g38,,g46,,,,,,g66,
,,,,,,,,,,,,,,,r13,,r13,,,,,,,,,,,,,,,,,,,,,,,,,,,,,,,,,,,,,,,,,,,,,,,,,,,,,,,,,,,,,,,,,,,,,,
,,,,,,,,,,,,,,,r14,s209,r14,,,,,,,,,,,,,,,,,,,,,,,,,,,,,,,,,,,,,g212,,,,,,,,,,,,,,,,,,,,,,,,,,,,,,,,,
,,,,,,,,,,,,,,,r12,,r12,,,,,,,,,,,,,,,,,,,,,,,,,,,,,,,,,,,,,,,,,,,,,,,,,,,,,,,,,,,,,,,,,,,,,,
,,s214,,,,,,,,,,,,,,,,,,,,,,,,,,,,,,,,,,,,,,,,,,,,,,,,,,,,,,,,,,,,,,,,,,,,,,,,,,,,,,,,,,,,,
,,,,,,,,,,,,r24,,,,,s216,,,,,,,,,,,,,,,,,,,,,,,,,,,,,,,,,,,,,,,,,,,g215,,,,,,,,,,,,,,,,,,,,,,,,,,,
,,,,,,,,,,,,r21,,,,,,,,,,,,,,,,,,,,,,,,,,,,,,,,,,,,,,,,,,,,,,,,,,,,,,,,,,,,,,,,,,,,,,,,,,,
,,s168,,,,,,,,,,,,,,,,,s163,s167,,,,,,,,,,,,,,,,,,,,,,,,,,,,,,,,,,,,,,,,,g217,,,,,,,,,,,,,,,,,,,,,,,,,,
,,s218,,,,,,,,,,,,,,,,,,,,,,,,,,,,,,,,,,,,,,,,,,,,,,,,,,,,,,,,,,,,,,,,,,,,,,,,,,,,,,,,,,,,,
,,,,,,,,,,,,r24,,,,,s216,,,,,,,,,,,,,,,,,,,,,,,,,,,,,,,,,,,,,,,,,,,g219,,,,,,,,,,,,,,,,,,,,,,,,,,,
,,,,,,,,,,,,r23,,,,,,,,,,,,,,,,,,,,,,,,,,,,,,,,,,,,,,,,,,,,,,,,,,,,,,,,,,,,,,,,,,,,,,,,,,,
,,r10,r10,r10,,,,r10,,,,,r10,,,,,r10,r10,r10,r10,r10,r10,r10,r10,r10,r10,r10,,r10,,,,,,,,,,,,,,,,,,,,,g221,,,,,,,,,,,,,,,,,,,,,,,,,,,,,,,,,,,,
,,s168,,r20,,,,,,,,,r20,,,,,,s163,s167,,,,,,,,,,,,,,,,,,,,,,,,,,,,,,,,g200,,,,,,g222,,,g201,,,,,,,,,,,,,,,,,,,,,,,,,,
,,,,s15,,,,,,,,,s223,,,,,,,,,,,,,,,,,,,,,,,,,,,,,,,,,,,,,,,,,,,,g14,,,,,,,,,,,,,,,,,,,,,,,,,,,,,,
r7,r7,,,,,,,,,,,,,,,,,,,,,,,,,,,,,,,,,,,,,,,,,,,,,,,,,,,,,,,,,,,,,,,,,,,,,,,,,,,,,,,,,,,,,,
,,s225,,,,,,,,,,,,,,,,,,,,,,,,,,,,,,,,,,,,,,,,,,,,,,,,,,,,,,,,,,,,,,,,,,,,,,,,,,,,,,,,,,,,,
r6,r6,,r6,,,,,,,,,,,r6,,,,,,,,,,,,,,,,,,,,,,,,,,,,,,,,,,,,,,,,,,,,,,,,,,,,,,,,,,,,,,,,,,,,,,,,,
,,s227,,,,,,,,,,,,,,,,,,,,,,,,,,,,,,,,,,,,,,,,,,,,,,,,,,,,,,,,,,,,,,,,,,,,,,,,,,,,,,,,,,,,,
,,,s228,,,,,,,,,,,,,,,,,,,,,,,,,,,,,,,,,,,,,,,,,,,,,,,,,,,,,,,,,,,,,,,,,,,,,,,,,,,,,,,,,,,,
,,,,s229,,,,,,,,,,,,,,,,,,,,,,,,,,,,,,,,,,,,,,,,,,,,,,,,,,,,,,,,,,,,,,,,,,,,,,,,,,,,,,,,,,,
,,,,,s230,,,,,,,,,,,,,,,,,,,,,,,,,,,,,,,,,,,,,,,,,,,,,,,,,,,,,,,,,,,,,,,,,,,,,,,,,,,,,,,,,,
,,,,,,s231,,,,,,,,,,,,,,,,,,,,,,,,,,,,,,,,,,,,,,,,,,,,,,,,,,,,,,,,,,,,,,,,,,,,,,,,,,,,,,,,,
,,,,,,,s232,,,,,,,,,,,,,,,,,,,,,,,,,,,,,,,,,,,,,,,,,,,,,,,,,,,,,,,,,,,,,,,,,,,,,,,,,,,,,,,,
,,,,,,,,s233,,,,,,,,,,,,,,,,,,,,,,,,,,,,,,,,,,,,,,,,,,,,,,,,,,,,,,,,,,,,,,,,,,,,,,,,,,,,,,,
,,,,,,,,,s234,,,,,,,,,,,,,,,,,,,,,,,,,,,,,,,,,,,,,,,,,,,,,,,,,,,,,,,,,,,,,,,,,,,,,,,,,,,,,,
,,,,,,,,,,s235,,,,,,,,,,,,,,,,,,,,,,,,,,,,,,,,,,,,,,,,,,,,,,,,,,,,,,,,,,,,,,,,,,,,,,,,,,,,,
,,,,,,,,,,,s236,,,,,,,,,,,,,,,,,,,,,,,,,,,,,,,,,,,,,,,,,,,,,,,,,,,,,,,,,,,,,,,,,,,,,,,,,,,,
,,s237,,,,,,,,,,,,,,,,,,,,,,,,,,,,,,,,,,,,,,,,,,,,,,,,,,,,,,,,,,,,,,,,,,,,,,,,,,,,,,,,,,,,,
,,,,,,,,,,,,s238,,,,,,,,,,,,,,,,,,,,,,,,,,,,,,,,,,,,,,,,,,,,,,,,,,,,,,,,,,,,,,,,,,,,,,,,,,,
,,,s239,,,,,,,,,,,,,,,,,,,,,,,,,,,,,,,,,,,,,,,,,,,,,,,,,,,,,,,,,,,,,,,,,,,,,,,,,,,,,,,,,,,,
,,r10,r10,r10,,,,r10,,,,,r10,,,,,r10,r10,r10,r10,r10,r10,r10,r10,r10,r10,r10,,r10,,,,,,,,,,,,,,,,,,,,,g240,,,,,,,,,,,,,,,,,,,,,,,,,,,,,,,,,,,,
,,s168,s241,,,,,,,,,,,,,,,,s163,s167,,,,,,,,,,,,,,,,,,,,,,,,,,,,,,,,g200,,,,,,,,,g201,,,,,,,,,,,,,,,,,,,,,,,,,,
,,r40,r40,,,,,r40,,,,,r40,,,,,r40,,,r40,r40,r40,r40,r40,r40,r40,r40,,r40,,,,,,,,,,,,,,,,,,,,,,,,,,,,,,,,,,g242,,,,,,,,,,,,,,,,,,,,,,,
,,s111,s99,,,,,s147,,,,,s243,,,,,,,,s169,s102,s122,s90,s127,s142,,,,,,,,,,,,,,,,,,,,,,,,,,,,,,,,,,,,,g89,,,,,,,,,,,,,,,,,,,,,,,,
,,,,,,,,,,,,,s244,,,,,,,,,,,,,,,,,,,,,,,,,,,,,,,,,,,,,,,,,,,,,,,,,,,,,,,,,,,,,,,,,,,,,,,,,,
,,,,,,,,,,,,,s245,,,,,,,,,,,,,,,,,,,,,,,,,,,,,,,,,,,,,,,,,,,,,,,,,,,,,,,,,,,,,,,,,,,,,,,,,,
r2,r2,,,,,,,,,,,,,,,,,,,,,,,,,,,,,,,,,,,,,,,,,,,,,,,,,,,,,,,,,,,,,,,,,,,,,,,,,,,,,,,,,,,,,,
